distortion,severity,variant,accuracy,nll,ece
gaussian_noise,1,f_large,0.7447800040245056,1.2511790990829468,7.050217628479004
gaussian_noise,1,f_small,0.5961400270462036,1.777969241142273,13.968408584594727
gaussian_noise,1,f_large_TS,0.7447800040245056,1.1391608715057373,7.820245265960693
gaussian_noise,1,f_small_TS,0.5961400270462036,1.7734259366989136,10.227335929870605
gaussian_noise,1,Duo_Joint_TS,0.7455800175666809,1.0477639436721802,9.645339965820312
gaussian_noise,2,f_large,0.7082599997520447,1.4386368989944458,6.95413064956665
gaussian_noise,2,f_small,0.48548001050949097,2.4004099369049072,12.690383911132812
gaussian_noise,2,f_large_TS,0.7082599997520447,1.326690912246704,7.711058139801025
gaussian_noise,2,f_small_TS,0.48548001050949097,2.3680903911590576,9.306009292602539
gaussian_noise,2,Duo_Joint_TS,0.7031999826431274,1.280175805091858,9.07561206817627
gaussian_noise,3,f_large,0.628059983253479,1.873407006263733,6.728459358215332
gaussian_noise,3,f_small,0.3150399923324585,3.5978899002075195,10.746587753295898
gaussian_noise,3,f_large_TS,0.628059983253479,1.7642481327056885,7.455173015594482
gaussian_noise,3,f_small_TS,0.3150399923324585,3.480100631713867,7.905280590057373
gaussian_noise,3,Duo_Joint_TS,0.6148999929428101,1.8001298904418945,8.095171928405762
gaussian_noise,4,f_large,0.4898200035095215,2.678950309753418,6.3051676750183105
gaussian_noise,4,f_small,0.13835999369621277,5.2739057540893555,8.805437088012695
gaussian_noise,4,f_large_TS,0.4898200035095215,2.581385374069214,6.976409435272217
gaussian_noise,4,f_small_TS,0.13835999369621277,4.975452423095703,6.508118629455566
gaussian_noise,4,Duo_Joint_TS,0.4743799865245819,2.722118854522705,6.84807014465332
gaussian_noise,5,f_large,0.27042001485824585,4.266141414642334,5.531217575073242
gaussian_noise,5,f_small,0.029980000108480453,7.105774402618408,7.528674125671387
gaussian_noise,5,f_large_TS,0.27042001485824585,4.219559192657471,6.104331970214844
gaussian_noise,5,f_small_TS,0.029980000108480453,6.519094944000244,5.587146282196045
gaussian_noise,5,Duo_Joint_TS,0.2552799880504608,4.385759353637695,5.4696455001831055
shot_noise,1,f_large,0.7390400171279907,1.2829211950302124,7.036505699157715
shot_noise,1,f_small,0.5778800249099731,1.8688997030258179,13.508696556091309
shot_noise,1,f_large_TS,0.7390400171279907,1.1710522174835205,7.804612636566162
shot_noise,1,f_small_TS,0.5778800249099731,1.8710734844207764,9.890396118164062
shot_noise,1,Duo_Joint_TS,0.7401599884033203,1.0805574655532837,9.478097915649414
shot_noise,2,f_large,0.69132000207901,1.5302432775497437,6.92608118057251
shot_noise,2,f_small,0.44558000564575195,2.6563572883605957,12.095848083496094
shot_noise,2,f_large_TS,0.69132000207901,1.4202903509140015,7.678565502166748
shot_noise,2,f_small_TS,0.44558000564575195,2.60994291305542,8.87443733215332
shot_noise,2,Duo_Joint_TS,0.6870999932289124,1.3813148736953735,8.814861297607422
shot_noise,3,f_large,0.6088799834251404,1.9686131477355957,6.727302551269531
shot_noise,3,f_small,0.2852399945259094,3.844343423843384,10.444395065307617
shot_noise,3,f_large_TS,0.6088799834251404,1.865247130393982,7.452007293701172
shot_noise,3,f_small_TS,0.2852399945259094,3.6914985179901123,7.688364028930664
shot_noise,3,Duo_Joint_TS,0.5978599786758423,1.9025462865829468,7.9284844398498535
shot_noise,4,f_large,0.4341999888420105,3.0367074012756348,6.211813926696777
shot_noise,4,f_small,0.09954000264406204,5.907049179077148,8.632116317749023
shot_noise,4,f_large_TS,0.4341999888420105,2.95649790763855,6.868339538574219
shot_noise,4,f_small_TS,0.09954000264406204,5.469527721405029,6.389288425445557
shot_noise,4,Duo_Joint_TS,0.41907998919487,3.1043858528137207,6.550736904144287
shot_noise,5,f_large,0.283160001039505,4.146381855010986,5.698252201080322
shot_noise,5,f_small,0.03700000047683716,7.206846714019775,8.137356758117676
shot_noise,5,f_large_TS,0.283160001039505,4.10599422454834,6.289125442504883
shot_noise,5,f_small_TS,0.03700000047683716,6.511298179626465,6.037677764892578
shot_noise,5,Duo_Joint_TS,0.26848000288009644,4.253139495849609,5.701340198516846
impulse_noise,1,f_large,0.7414199709892273,1.344690203666687,6.774754524230957
impulse_noise,1,f_small,0.4837599992752075,2.4209890365600586,12.222869873046875
impulse_noise,1,f_large_TS,0.7414199709892273,1.2038557529449463,7.517238616943359
impulse_noise,1,f_small_TS,0.4837599992752075,2.4072396755218506,8.959026336669922
impulse_noise,1,Duo_Joint_TS,0.7356399893760681,1.1523064374923706,8.752264022827148
impulse_noise,2,f_large,0.6952199935913086,1.526463270187378,6.838015556335449
impulse_noise,2,f_small,0.38543999195098877,3.0588133335113525,11.438188552856445
impulse_noise,2,f_large_TS,0.6952199935913086,1.40470552444458,7.582186698913574
impulse_noise,2,f_small_TS,0.38543999195098877,2.9908688068389893,8.401152610778809
impulse_noise,2,Duo_Joint_TS,0.684660017490387,1.4196950197219849,8.464418411254883
impulse_noise,3,f_large,0.6429200172424316,1.8046835660934448,6.708286285400391
impulse_noise,3,f_small,0.28933998942375183,3.789147138595581,10.514446258544922
impulse_noise,3,f_large_TS,0.6429200172424316,1.6866567134857178,7.434473514556885
impulse_noise,3,f_small_TS,0.28933998942375183,3.6512703895568848,7.7393693923950195
impulse_noise,3,Duo_Joint_TS,0.6284599900245667,1.7536417245864868,7.948358535766602
impulse_noise,4,f_large,0.46187999844551086,2.8834431171417236,6.164278507232666
impulse_noise,4,f_small,0.11343999952077866,5.571001052856445,8.68813705444336
impulse_noise,4,f_large_TS,0.46187999844551086,2.7842061519622803,6.81884241104126
impulse_noise,4,f_small_TS,0.11343999952077866,5.216906547546387,6.42734956741333
impulse_noise,4,Duo_Joint_TS,0.4450399875640869,2.925093650817871,6.625361442565918
impulse_noise,5,f_large,0.230320006608963,4.581553936004639,5.485832691192627
impulse_noise,5,f_small,0.026419999077916145,7.149185657501221,7.659021854400635
impulse_noise,5,f_large_TS,0.230320006608963,4.556166648864746,6.050502300262451
impulse_noise,5,f_small_TS,0.026419999077916145,6.535713195800781,5.6849260330200195
impulse_noise,5,Duo_Joint_TS,0.21852000057697296,4.632701396942139,5.451657295227051
defocus_blur,1,f_large,0.7140200138092041,1.420324683189392,6.924549102783203
defocus_blur,1,f_small,0.5899999737739563,1.7614737749099731,12.579614639282227
defocus_blur,1,f_large_TS,0.7140200138092041,1.3058440685272217,7.679123878479004
defocus_blur,1,f_small_TS,0.5899999737739563,1.8565404415130615,9.196845054626465
defocus_blur,1,Duo_Joint_TS,0.7117999792098999,1.2191731929779053,9.206986427307129
defocus_blur,2,f_large,0.659280002117157,1.698377013206482,6.798847675323486
defocus_blur,2,f_small,0.5177199840545654,2.1514694690704346,11.498629570007324
defocus_blur,2,f_large_TS,0.659280002117157,1.5872796773910522,7.5355987548828125
defocus_blur,2,f_small_TS,0.5177199840545654,2.2669477462768555,8.412090301513672
defocus_blur,2,Duo_Joint_TS,0.6570600271224976,1.5085176229476929,8.740339279174805
defocus_blur,3,f_large,0.5258399844169617,2.4433443546295166,6.459091663360596
defocus_blur,3,f_small,0.3787600100040436,2.9971389770507812,9.649005889892578
defocus_blur,3,f_large_TS,0.5258399844169617,2.3462531566619873,7.149096488952637
defocus_blur,3,f_small_TS,0.3787600100040436,3.1267025470733643,7.073258876800537
defocus_blur,3,Duo_Joint_TS,0.5247799754142761,2.2640371322631836,7.836460590362549
defocus_blur,4,f_large,0.39017999172210693,3.278505563735962,6.162234306335449
defocus_blur,4,f_small,0.2647800147533417,3.8085434436798096,8.369033813476562
defocus_blur,4,f_large_TS,0.39017999172210693,3.212674617767334,6.809513568878174
defocus_blur,4,f_small_TS,0.2647800147533417,3.906921863555908,6.15133810043335
defocus_blur,4,Duo_Joint_TS,0.3921400010585785,3.1141223907470703,7.154555797576904
defocus_blur,5,f_large,0.2631399929523468,4.136890888214111,5.937130928039551
defocus_blur,5,f_small,0.17900000512599945,4.536066055297852,7.510704517364502
defocus_blur,5,f_large_TS,0.2631399929523468,4.115661144256592,6.549623966217041
defocus_blur,5,f_small_TS,0.17900000512599945,4.571897029876709,5.5355143547058105
defocus_blur,5,Duo_Joint_TS,0.2656799852848053,3.9899420738220215,6.693346977233887
glass_blur,1,f_large,0.6972399950027466,1.4977829456329346,6.959418296813964
glass_blur,1,f_small,0.5370799899101257,2.095487117767334,12.238426208496094
glass_blur,1,f_large_TS,0.6972399950027466,1.3907191753387451,7.715780258178711
glass_blur,1,f_small_TS,0.5370799899101257,2.136737585067749,8.956889152526855
glass_blur,1,Duo_Joint_TS,0.6922399997711182,1.327846884727478,9.066431045532227
glass_blur,2,f_large,0.6011800169944763,1.990590214729309,6.87425422668457
glass_blur,2,f_small,0.4015600085258484,2.9516966342926025,10.732315063476562
glass_blur,2,f_large_TS,0.6011800169944763,1.9052246809005737,7.612714767456055
glass_blur,2,f_small_TS,0.4015600085258484,2.951927900314331,7.87244987487793
glass_blur,2,Duo_Joint_TS,0.5910400152206421,1.8850533962249756,8.443636894226074
glass_blur,3,f_large,0.3143799901008606,3.803853988647461,6.601881504058838
glass_blur,3,f_small,0.16794000566005707,5.013710021972656,8.784083366394043
glass_blur,3,f_large_TS,0.3143799901008606,3.8227310180664062,7.285104274749756
glass_blur,3,f_small_TS,0.16794000566005707,4.752159595489502,6.484651565551758
glass_blur,3,Duo_Joint_TS,0.3005000054836273,3.8290908336639404,7.507273197174072
glass_blur,4,f_large,0.23212000727653503,4.421138763427734,6.501038074493408
glass_blur,4,f_small,0.12681999802589417,5.438385486602783,8.304598808288574
glass_blur,4,f_large_TS,0.23212000727653503,4.478553295135498,7.166172504425049
glass_blur,4,f_small_TS,0.12681999802589417,5.13868522644043,6.138890743255615
glass_blur,4,Duo_Joint_TS,0.22402000427246094,4.442895412445068,7.279420852661133
glass_blur,5,f_large,0.15649999678134918,5.102710723876953,6.293301582336426
glass_blur,5,f_small,0.09734000265598297,5.729181289672852,7.486644268035889
glass_blur,5,f_large_TS,0.15649999678134918,5.195055961608887,6.93044376373291
glass_blur,5,f_small_TS,0.09734000265598297,5.471321105957031,5.538609981536865
glass_blur,5,Duo_Joint_TS,0.15401999652385712,5.071561813354492,6.879931449890137
motion_blur,1,f_large,0.7640399932861328,1.1879806518554688,7.017956733703613
motion_blur,1,f_small,0.6446999907493591,1.5072720050811768,13.416417121887207
motion_blur,1,f_large_TS,0.7640399932861328,1.070205807685852,7.786701202392578
motion_blur,1,f_small_TS,0.6446999907493591,1.5832715034484863,9.804656028747559
motion_blur,1,Duo_Joint_TS,0.7628600001335144,0.9814145565032959,9.541810035705566
motion_blur,2,f_large,0.7156999707221985,1.4161468744277954,6.971552848815918
motion_blur,2,f_small,0.5407599806785583,2.073155641555786,12.01021957397461
motion_blur,2,f_large_TS,0.7156999707221985,1.3061244487762451,7.730937957763672
motion_blur,2,f_small_TS,0.5407599806785583,2.1546640396118164,8.786355972290039
motion_blur,2,Duo_Joint_TS,0.709879994392395,1.2605212926864624,9.008462905883789
motion_blur,3,f_large,0.6117200255393982,1.951417326927185,6.822946071624756
motion_blur,3,f_small,0.3766399919986725,3.1395459175109863,10.365156173706055
motion_blur,3,f_large_TS,0.6117200255393982,1.8587982654571533,7.557379722595215
motion_blur,3,f_small_TS,0.3766399919986725,3.158623695373535,7.605999946594238
motion_blur,3,Duo_Joint_TS,0.6007800102233887,1.87886643409729,8.255748748779297
motion_blur,4,f_large,0.46031999588012695,2.831166982650757,6.560850143432617
motion_blur,4,f_small,0.2190999984741211,4.448141098022461,9.12679672241211
motion_blur,4,f_large_TS,0.46031999588012695,2.772430658340454,7.2544355392456055
motion_blur,4,f_small_TS,0.2190999984741211,4.308938026428223,6.726194858551025
motion_blur,4,Duo_Joint_TS,0.4445599913597107,2.8542208671569824,7.533420085906982
motion_blur,5,f_large,0.35822001099586487,3.476706027984619,6.363254070281982
motion_blur,5,f_small,0.1471399962902069,5.1870269775390625,8.579673767089844
motion_blur,5,f_large_TS,0.35822001099586487,3.445887804031372,7.027233600616455
motion_blur,5,f_small_TS,0.1471399962902069,4.939058303833008,6.338090419769287
motion_blur,5,Duo_Joint_TS,0.3409999907016754,3.5509159564971924,7.163759708404541
zoom_blur,1,f_large,0.6602200269699097,1.7232784032821655,6.835885047912598
zoom_blur,1,f_small,0.5217999815940857,2.2092697620391846,11.871212005615234
zoom_blur,1,f_large_TS,0.6602200269699097,1.6177332401275635,7.576388359069824
zoom_blur,1,f_small_TS,0.5217999815940857,2.2517223358154297,8.6879243850708
zoom_blur,1,Duo_Joint_TS,0.6594399809837341,1.5210238695144653,8.849751472473145
zoom_blur,2,f_large,0.5776200294494629,2.1663215160369873,6.792138576507568
zoom_blur,2,f_small,0.42396000027656555,2.8745880126953125,10.916550636291504
zoom_blur,2,f_large_TS,0.5776200294494629,2.085686206817627,7.52016019821167
zoom_blur,2,f_small_TS,0.42396000027656555,2.8609116077423096,8.003607749938965
zoom_blur,2,Duo_Joint_TS,0.5744199752807617,2.012047529220581,8.458330154418945
zoom_blur,3,f_large,0.49616000056266785,2.6453166007995605,6.65328311920166
zoom_blur,3,f_small,0.35034000873565674,3.354325532913208,10.276727676391602
zoom_blur,3,f_large_TS,0.49616000056266785,2.582099199295044,7.359539985656738
zoom_blur,3,f_small_TS,0.35034000873565674,3.303135633468628,7.5470428466796875
zoom_blur,3,Duo_Joint_TS,0.49588000774383545,2.4805259704589844,8.095175743103027
zoom_blur,4,f_large,0.42254000902175903,3.0882339477539062,6.612294673919678
zoom_blur,4,f_small,0.2823599874973297,3.9114603996276855,9.755117416381836
zoom_blur,4,f_large_TS,0.42254000902175903,3.0529720783233643,7.3072309494018555
zoom_blur,4,f_small_TS,0.2823599874973297,3.791151285171509,7.176875591278076
zoom_blur,4,Duo_Joint_TS,0.42080000042915344,2.9605369567871094,7.853217124938965
zoom_blur,5,f_large,0.3441999852657318,3.6215219497680664,6.5061798095703125
zoom_blur,5,f_small,0.2245599925518036,4.451456546783447,9.305766105651855
zoom_blur,5,f_large_TS,0.3441999852657318,3.614921808242798,7.182895660400391
zoom_blur,5,f_small_TS,0.2245599925518036,4.258791446685791,6.857791900634766
zoom_blur,5,Duo_Joint_TS,0.3444800078868866,3.4989614486694336,7.570773601531982
snow,1,f_large,0.7074199914932251,1.5470260381698608,6.635153770446777
snow,1,f_small,0.5428000092506409,2.110170841217041,12.729787826538086
snow,1,f_large_TS,0.7074199914932251,1.40395188331604,7.360490322113037
snow,1,f_small_TS,0.5428000092506409,2.098405122756958,9.320569038391113
snow,1,Duo_Joint_TS,0.7108399868011475,1.2602442502975464,8.882482528686523
snow,2,f_large,0.5764200091362,2.2509236335754395,6.471013069152832
snow,2,f_small,0.31779998540878296,3.7549774646759033,10.546100616455078
snow,2,f_large_TS,0.5764200091362,2.1342029571533203,7.16719388961792
snow,2,f_small_TS,0.31779998540878296,3.5838565826416016,7.755580425262451
snow,2,Duo_Joint_TS,0.5645599961280823,2.118638753890991,7.849059104919434
snow,3,f_large,0.5842199921607971,2.256058692932129,6.215119361877441
snow,3,f_small,0.3481599986553192,3.5243701934814453,10.841696739196777
snow,3,f_large_TS,0.5842199921607971,2.1119699478149414,6.886791229248047
snow,3,f_small_TS,0.3481599986553192,3.3690872192382812,7.967451095581055
snow,3,Duo_Joint_TS,0.5812600255012512,2.0373291969299316,7.7509989738464355
snow,4,f_large,0.5084599852561951,2.6811726093292236,6.1358747482299805
snow,4,f_small,0.23707999289035797,4.500184059143066,9.868375778198242
snow,4,f_large_TS,0.5084599852561951,2.5604517459869385,6.792234897613525
snow,4,f_small_TS,0.23707999289035797,4.2286577224731445,7.272671699523926
snow,4,Duo_Joint_TS,0.4927999973297119,2.591384172439575,7.265423774719238
snow,5,f_large,0.4477199912071228,3.0141069889068604,6.455804347991943
snow,5,f_small,0.16599999368190765,5.255056381225586,9.3264741897583
snow,5,f_large_TS,0.4477199912071228,2.9570415019989014,7.137768745422363
snow,5,f_small_TS,0.16599999368190765,4.860623359680176,6.888222694396973
snow,5,Duo_Joint_TS,0.418179988861084,3.1039960384368896,7.364948272705078
frost,1,f_large,0.7517600059509277,1.4157969951629639,6.524376392364502
frost,1,f_small,0.6108400225639343,1.7172863483428955,13.141705513000488
frost,1,f_large_TS,0.7517600059509277,1.2483456134796143,7.2431488037109375
frost,1,f_small_TS,0.6108400225639343,1.7641328573226929,9.60920524597168
frost,1,Duo_Joint_TS,0.7516400218009949,1.0783627033233643,9.003514289855957
frost,2,f_large,0.6649600267410278,2.0099308490753174,6.047762393951416
frost,2,f_small,0.43922001123428345,2.8100333213806152,11.108480453491211
frost,2,f_large_TS,0.6649600267410278,1.8211613893508911,6.710878372192383
frost,2,f_small_TS,0.43922001123428345,2.7958273887634277,8.142318725585938
frost,2,Duo_Joint_TS,0.657800018787384,1.6590700149536133,7.830137729644775
frost,3,f_large,0.5838599801063538,2.4740984439849854,5.829852104187012
frost,3,f_small,0.31878000497817993,3.7513275146484375,9.990854263305664
frost,3,f_large_TS,0.5838599801063538,2.296534538269043,6.4634294509887695
frost,3,f_small_TS,0.31878000497817993,3.638655424118042,7.342705726623535
frost,3,Duo_Joint_TS,0.571179986000061,2.2090587615966797,7.178719997406006
frost,4,f_large,0.5657200217247009,2.601569890975952,5.7417378425598145
frost,4,f_small,0.2965199947357178,3.9711976051330566,9.897907257080078
frost,4,f_large_TS,0.5657200217247009,2.42401385307312,6.364818572998047
frost,4,f_small_TS,0.2965199947357178,3.814744472503662,7.279350280761719
frost,4,Duo_Joint_TS,0.5507199764251709,2.3417391777038574,7.045742034912109
frost,5,f_large,0.5035799741744995,2.9229602813720703,5.652247905731201
frost,5,f_small,0.2305999994277954,4.61594820022583,9.365341186523438
frost,5,f_large_TS,0.5035799741744995,2.7628493309020996,6.260351181030273
frost,5,f_small_TS,0.2305999994277954,4.368058681488037,6.9005126953125
frost,5,Duo_Joint_TS,0.48482000827789307,2.7551915645599365,6.733562469482422
fog,1,f_large,0.7560999989509583,1.4587562084197998,6.3225016593933105
fog,1,f_small,0.6140599846839905,1.6381558179855347,13.280760765075684
fog,1,f_large_TS,0.7560999989509583,1.2757600545883179,7.0217604637146
fog,1,f_small_TS,0.6140599846839905,1.687035322189331,9.711715698242188
fog,1,Duo_Joint_TS,0.7552000284194946,1.0423859357833862,8.892251014709473
fog,2,f_large,0.7302200198173523,1.6120357513427734,6.226320743560791
fog,2,f_small,0.5543000102043152,1.962958574295044,12.48283576965332
fog,2,f_large_TS,0.7302200198173523,1.4297857284545898,6.913522720336914
fog,2,f_small_TS,0.5543000102043152,2.0067970752716064,9.1340970993042
fog,2,Duo_Joint_TS,0.7323799729347229,1.198923110961914,8.512323379516602
fog,3,f_large,0.6484599709510803,2.1782968044281006,5.7221503257751465
fog,3,f_small,0.4623599946498871,2.5077428817749023,11.494426727294922
fog,3,f_large_TS,0.6484599709510803,1.979408621788025,6.351469993591309
fog,3,f_small_TS,0.4623599946498871,2.519887924194336,8.423186302185059
fog,3,Duo_Joint_TS,0.670520007610321,1.615646243095398,7.6755876541137695
fog,4,f_large,0.48677998781204224,2.9712305068969727,5.3987956047058105
fog,4,f_small,0.39866000413894653,2.9888598918914795,10.981682777404785
fog,4,f_large_TS,0.48677998781204224,2.787780284881592,5.980201721191406
fog,4,f_small_TS,0.39866000413894653,2.936502456665039,8.058509826660156
fog,4,Duo_Joint_TS,0.5787000060081482,2.1648800373077393,7.042093753814697
fog,5,f_large,0.27570000290870667,3.955416202545166,5.3072919845581055
fog,5,f_small,0.2400600016117096,4.339723587036133,9.796937942504883
fog,5,f_large_TS,0.27570000290870667,3.8421032428741455,5.858807563781738
fog,5,f_small_TS,0.2400600016117096,4.098346710205078,7.218819618225098
fog,5,Duo_Joint_TS,0.37648001313209534,3.2948102951049805,6.438179969787598
brightness,1,f_large,0.8069000244140625,1.0040464401245117,7.022974491119385
brightness,1,f_small,0.7379999756813049,1.0599908828735352,15.388396263122559
brightness,1,f_large_TS,0.8069000244140625,0.8777489066123962,7.79644775390625
brightness,1,f_small_TS,0.7379999756813049,1.0913445949554443,11.246145248413086
brightness,1,Duo_Joint_TS,0.8081200122833252,0.7504098415374756,10.185661315917969
brightness,2,f_large,0.7994800209999084,1.0455397367477417,6.976357936859131
brightness,2,f_small,0.721560001373291,1.1349821090698242,15.065027236938477
brightness,2,f_large_TS,0.7994800209999084,0.9161369800567627,7.7444939613342285
brightness,2,f_small_TS,0.721560001373291,1.1694233417510986,11.010059356689453
brightness,2,Duo_Joint_TS,0.799560010433197,0.7869492769241333,10.040730476379395
brightness,3,f_large,0.7873799800872803,1.1156926155090332,6.907496452331543
brightness,3,f_small,0.6960600018501282,1.2585457563400269,14.50698184967041
brightness,3,f_large_TS,0.7873799800872803,0.9819270372390747,7.667633056640625
brightness,3,f_small_TS,0.6960600018501282,1.3006302118301392,10.60190486907959
brightness,3,Duo_Joint_TS,0.7867400050163269,0.8496171236038208,9.800155639648438
brightness,4,f_large,0.7664600014686584,1.2290974855422974,6.81601619720459
brightness,4,f_small,0.6511200070381165,1.4654271602630615,13.709782600402832
brightness,4,f_large_TS,0.7664600014686584,1.0907423496246338,7.565049648284912
brightness,4,f_small_TS,0.6511200070381165,1.5171887874603271,10.021017074584961
brightness,4,Duo_Joint_TS,0.7661799788475037,0.9570116996765137,9.456596374511719
brightness,5,f_large,0.7356600165367126,1.3869504928588867,6.726608753204346
brightness,5,f_small,0.5911999940872192,1.7841168642044067,12.735509872436523
brightness,5,f_large_TS,0.7356600165367126,1.2472939491271973,7.463768482208252
brightness,5,f_small_TS,0.5911999940872192,1.8440093994140625,9.312390327453613
brightness,5,Duo_Joint_TS,0.7350999712944031,1.12247896194458,9.043880462646484
contrast,1,f_large,0.7771000266075134,1.2366453409194946,6.6539530754089355
contrast,1,f_small,0.6440600156784058,1.4804033041000366,13.712011337280273
contrast,1,f_large_TS,0.7771000266075134,1.0789626836776733,7.388027667999268
contrast,1,f_small_TS,0.6440600156784058,1.5320501327514648,10.02448844909668
contrast,1,Duo_Joint_TS,0.7757999897003174,0.9264986515045166,9.319194793701172
contrast,2,f_large,0.7628600001335144,1.2725635766983032,6.72496223449707
contrast,2,f_small,0.5796999931335449,1.814711570739746,12.733657836914062
contrast,2,f_large_TS,0.7628600001335144,1.1261136531829834,7.464644908905029
contrast,2,f_small_TS,0.5796999931335449,1.8726869821548462,9.313968658447266
contrast,2,Duo_Joint_TS,0.7590799927711487,1.0211907625198364,9.021900177001953
contrast,3,f_large,0.7350999712944031,1.3793368339538574,6.7551069259643555
contrast,3,f_small,0.45636001229286194,2.5279183387756348,11.116727828979492
contrast,3,f_large_TS,0.7350999712944031,1.2435375452041626,7.495025634765625
contrast,3,f_small_TS,0.45636001229286194,2.583008289337158,8.144044876098633
contrast,3,Duo_Joint_TS,0.7250199913978577,1.2219593524932861,8.428024291992188
contrast,4,f_large,0.6370199918746948,1.8845112323760986,6.503058433532715
contrast,4,f_small,0.20377999544143677,4.39768648147583,8.175138473510742
contrast,4,f_large_TS,0.6370199918746948,1.7545616626739502,7.2083916664123535
contrast,4,f_small_TS,0.20377999544143677,4.372819900512695,6.022915840148926
contrast,4,Duo_Joint_TS,0.619700014591217,1.9412992000579834,7.013967037200928
contrast,5,f_large,0.40790000557899475,3.363713502883911,5.650223731994629
contrast,5,f_small,0.05375999957323074,6.155412673950195,5.791752338409424
contrast,5,f_large_TS,0.40790000557899475,3.266050100326538,6.248675346374512
contrast,5,f_small_TS,0.05375999957323074,6.014986038208008,4.290265083312988
contrast,5,Duo_Joint_TS,0.37828001379966736,3.617224931716919,5.562367916107178
elastic_transform,1,f_large,0.7654799818992615,1.183571219444275,7.000993251800537
elastic_transform,1,f_small,0.6635800004005432,1.4191690683364868,13.495750427246094
elastic_transform,1,f_large_TS,0.7654799818992615,1.0643147230148315,7.768202781677246
elastic_transform,1,f_small_TS,0.6635800004005432,1.4925904273986816,9.858763694763184
elastic_transform,1,Duo_Joint_TS,0.7640600204467773,0.9653018116950989,9.571330070495605
elastic_transform,2,f_large,0.5999400019645691,2.0963966846466064,6.915392875671387
elastic_transform,2,f_small,0.44530001282691956,2.9034571647644043,11.417591094970703
elastic_transform,2,f_large_TS,0.5999400019645691,2.0290677547454834,7.657795429229736
elastic_transform,2,f_small_TS,0.44530001282691956,2.8310718536376953,8.37047004699707
elastic_transform,2,Duo_Joint_TS,0.5947200059890747,1.979981541633606,8.703657150268555
elastic_transform,3,f_large,0.700160026550293,1.5182154178619385,6.923689842224121
elastic_transform,3,f_small,0.5498200058937073,2.0869617462158203,12.249063491821289
elastic_transform,3,f_large_TS,0.700160026550293,1.410616397857666,7.676810264587402
elastic_transform,3,f_small_TS,0.5498200058937073,2.1117446422576904,8.961522102355957
elastic_transform,3,Duo_Joint_TS,0.6952400207519531,1.3396857976913452,9.040669441223145
elastic_transform,4,f_large,0.5934200286865234,2.093928337097168,6.849196434020995
elastic_transform,4,f_small,0.4144600033760071,3.0213372707366943,11.03083324432373
elastic_transform,4,f_large_TS,0.5934200286865234,2.016653299331665,7.584415435791016
elastic_transform,4,f_small_TS,0.4144600033760071,2.9448909759521484,8.090977668762207
elastic_transform,4,Duo_Joint_TS,0.5845000147819519,1.9829065799713135,8.509139060974121
elastic_transform,5,f_large,0.314300000667572,3.9240972995758057,6.746975421905518
elastic_transform,5,f_small,0.16505999863147736,5.4204020500183105,9.892680168151855
elastic_transform,5,f_large_TS,0.314300000667572,3.9746477603912354,7.444523811340332
elastic_transform,5,f_small_TS,0.16505999863147736,4.893598556518555,7.309232234954834
elastic_transform,5,Duo_Joint_TS,0.2983199954032898,4.032811164855957,7.933473587036133
pixelate,1,f_large,0.7444000244140625,1.3185492753982544,6.843017578125
pixelate,1,f_small,0.6389600038528442,1.5387849807739258,14.360288619995117
pixelate,1,f_large_TS,0.7444000244140625,1.1882708072662354,7.592538833618164
pixelate,1,f_small_TS,0.6389600038528442,1.53870689868927,10.50755786895752
pixelate,1,Duo_Joint_TS,0.7454800009727478,1.0472055673599243,9.660490036010742
pixelate,2,f_large,0.7000799775123596,1.5371907949447632,6.793733596801758
pixelate,2,f_small,0.6373400092124939,1.542694330215454,14.365252494812012
pixelate,2,f_large_TS,0.7000799775123596,1.4154326915740967,7.534010887145996
pixelate,2,f_small_TS,0.6373400092124939,1.5444920063018799,10.511662483215332
pixelate,2,Duo_Joint_TS,0.712119996547699,1.2059468030929565,9.606976509094238
pixelate,3,f_large,0.6460599899291992,1.7716479301452637,6.822986125946045
pixelate,3,f_small,0.46257999539375305,2.5756943225860596,12.224834442138672
pixelate,3,f_large_TS,0.6460599899291992,1.6680532693862915,7.56081485748291
pixelate,3,f_small_TS,0.46257999539375305,2.5307488441467285,8.965925216674805
pixelate,3,Duo_Joint_TS,0.639959990978241,1.6031084060668945,8.856273651123047
pixelate,4,f_large,0.5178400278091431,2.4729743003845215,6.615505218505859
pixelate,4,f_small,0.29019999504089355,3.847266912460327,10.296706199645996
pixelate,4,f_large_TS,0.5178400278091431,2.3952975273132324,7.32017183303833
pixelate,4,f_small_TS,0.29019999504089355,3.7094762325286865,7.577336311340332
pixelate,4,Duo_Joint_TS,0.508679986000061,2.386896848678589,7.912069797515869
pixelate,5,f_large,0.3110800087451935,3.8426647186279297,5.985863208770752
pixelate,5,f_small,0.2087000012397766,4.616074085235596,9.403407096862793
pixelate,5,f_large_TS,0.3110800087451935,3.811187267303467,6.607906341552734
pixelate,5,f_small_TS,0.2087000012397766,4.3970947265625,6.934426307678223
pixelate,5,Duo_Joint_TS,0.32934001088142395,3.535223960876465,6.88059139251709
jpeg_compression,1,f_large,0.7411199808120728,1.2853176593780518,6.985217571258545
jpeg_compression,1,f_small,0.6586999893188477,1.4262830018997192,14.351692199707031
jpeg_compression,1,f_large_TS,0.7411199808120728,1.1693758964538574,7.748462200164795
jpeg_compression,1,f_small_TS,0.6586999893188477,1.4549587965011597,10.496100425720215
jpeg_compression,1,Duo_Joint_TS,0.7439000010490417,1.0412013530731201,9.805472373962402
jpeg_compression,2,f_large,0.717199981212616,1.3934001922607422,6.966649532318115
jpeg_compression,2,f_small,0.6238800287246704,1.6085206270217896,13.889416694641113
jpeg_compression,2,f_large_TS,0.717199981212616,1.2812491655349731,7.725697994232178
jpeg_compression,2,f_small_TS,0.6238800287246704,1.6350256204605103,10.16150951385498
jpeg_compression,2,Duo_Joint_TS,0.7215399742126465,1.1539850234985352,9.623088836669922
jpeg_compression,3,f_large,0.7003399729728699,1.4749257564544678,6.953659534454346
jpeg_compression,3,f_small,0.5933600068092346,1.7767208814620972,13.463191032409668
jpeg_compression,3,f_large_TS,0.7003399729728699,1.3659334182739258,7.70975923538208
jpeg_compression,3,f_small_TS,0.5933600068092346,1.8012434244155884,9.8526029586792
jpeg_compression,3,Duo_Joint_TS,0.7040799856185913,1.2430973052978516,9.45602035522461
jpeg_compression,4,f_large,0.645799994468689,1.7432856559753418,6.897079944610596
jpeg_compression,4,f_small,0.4816400110721588,2.4368398189544678,11.967137336730957
jpeg_compression,4,f_large_TS,0.645799994468689,1.6444226503372192,7.642202854156494
jpeg_compression,4,f_small_TS,0.4816400110721588,2.4476730823516846,8.769525527954102
jpeg_compression,4,Duo_Joint_TS,0.6479399800300598,1.5518990755081177,8.845050811767578
jpeg_compression,5,f_large,0.5680800080299377,2.1649186611175537,6.809054851531982
jpeg_compression,5,f_small,0.32631999254226685,3.5434212684631348,10.135363578796387
jpeg_compression,5,f_large_TS,0.5680800080299377,2.0843920707702637,7.537805557250977
jpeg_compression,5,f_small_TS,0.32631999254226685,3.489116668701172,7.448157787322998
jpeg_compression,5,Duo_Joint_TS,0.5670999884605408,2.047218084335327,8.010128021240234
